{
  "id": "",
  "name": "",
  "font_family": "iconfont",
  "css_prefix_text": "icon-",
  "description": "",
  "glyphs": [
    {
      "icon_id": "633014",
      "name": "微信支付",
      "font_class": "weixinzhifu",
      "unicode": "e61e",
      "unicode_decimal": 58910
    },
    {
      "icon_id": "8574987",
      "name": "支付宝",
      "font_class": "zhifubao",
      "unicode": "e60a",
      "unicode_decimal": 58890
    },
    {
      "icon_id": "12975015",
      "name": "支付宝",
      "font_class": "zhifubao1",
      "unicode": "e637",
      "unicode_decimal": 58935
    },
    {
      "icon_id": "13580638",
      "name": "马尔代夫",
      "font_class": "maerdaifu",
      "unicode": "e653",
      "unicode_decimal": 58963
    },
    {
      "icon_id": "13580644",
      "name": "美国-布鲁克林大桥",
      "font_class": "meiguo-bulukelindaqiao",
      "unicode": "e654",
      "unicode_decimal": 58964
    }
  ]
}
